/*
Navicat Premium Data Transfer

Source Server         : xiao-yang
Source Server Type    : MySQL
Source Server Version : 80027
Source Host           : localhost:3306
Source Schema         : springsecurity

Target Server Type    : MySQL
Target Server Version : 80027
File Encoding         : 65001

Date: 23/11/2022 09:41:41
*/

SET NAMES utf8mb4;
SET FOREIGN_KEY_CHECKS = 0;

-- ----------------------------
-- Table structure for sys_menu
-- ----------------------------
DROP TABLE IF EXISTS `sys_menu`;
CREATE TABLE `sys_menu`  (
`id` bigint(0) NOT NULL AUTO_INCREMENT,
`menu_name` varchar(64) CHARACTER SET utf8mb4 COLLATE utf8mb4_0900_ai_ci NOT NULL DEFAULT 'NULL' COMMENT '菜单名',
`path` varchar(200) CHARACTER SET utf8mb4 COLLATE utf8mb4_0900_ai_ci NULL DEFAULT NULL COMMENT '路由地址',
`component` varchar(255) CHARACTER SET utf8mb4 COLLATE utf8mb4_0900_ai_ci NULL DEFAULT NULL COMMENT '组件路径',
`visible` char(1) CHARACTER SET utf8mb4 COLLATE utf8mb4_0900_ai_ci NULL DEFAULT '0' COMMENT '菜单状态（0显示 1隐藏）',
`status` char(1) CHARACTER SET utf8mb4 COLLATE utf8mb4_0900_ai_ci NULL DEFAULT '0' COMMENT '菜单状态（0正常 1停用）',
`perms` varchar(100) CHARACTER SET utf8mb4 COLLATE utf8mb4_0900_ai_ci NULL DEFAULT NULL COMMENT '权限标识',
`icon` varchar(100) CHARACTER SET utf8mb4 COLLATE utf8mb4_0900_ai_ci NULL DEFAULT '#' COMMENT '菜单图标',
`create_by` bigint(0) NULL DEFAULT NULL,
`create_time` datetime(0) NULL DEFAULT NULL,
`update_by` bigint(0) NULL DEFAULT NULL,
`update_time` datetime(0) NULL DEFAULT NULL,
`del_flag` int(0) NULL DEFAULT 0 COMMENT '是否删除（0未删除 1已删除）',
`remark` varchar(500) CHARACTER SET utf8mb4 COLLATE utf8mb4_0900_ai_ci NULL DEFAULT NULL COMMENT '备注',
PRIMARY KEY (`id`) USING BTREE
) ENGINE = InnoDB CHARACTER SET = utf8mb4 COLLATE = utf8mb4_0900_ai_ci COMMENT = '菜单表' ROW_FORMAT = Dynamic;

-- ----------------------------
-- Records of sys_menu
-- ----------------------------
INSERT INTO `sys_menu` VALUES (1, 'superadmin', NULL, NULL, '0', '0', 'oaa', '#', NULL, NULL, NULL, NULL, 0, '所有权限');
INSERT INTO `sys_menu` VALUES (2, 'admin', NULL, NULL, '0', '0', 'obb', '#', NULL, NULL, NULL, NULL, 0, '读写删权限');
INSERT INTO `sys_menu` VALUES (3, 'supuser', NULL, NULL, '0', '0', 'occ', '#', NULL, NULL, NULL, NULL, 0, '读写权限');
INSERT INTO `sys_menu` VALUES (4, 'user', NULL, NULL, '0', '0', 'odd', '#', NULL, NULL, NULL, NULL, 0, '读权限');

-- ----------------------------
-- Table structure for sys_role
-- ----------------------------
DROP TABLE IF EXISTS `sys_role`;
CREATE TABLE `sys_role`  (
`id` bigint(0) NOT NULL AUTO_INCREMENT,
`name` varchar(128) CHARACTER SET utf8mb4 COLLATE utf8mb4_0900_ai_ci NULL DEFAULT NULL,
`role_key` varchar(100) CHARACTER SET utf8mb4 COLLATE utf8mb4_0900_ai_ci NULL DEFAULT NULL COMMENT '角色权限字符串',
`status` char(1) CHARACTER SET utf8mb4 COLLATE utf8mb4_0900_ai_ci NULL DEFAULT '0' COMMENT '角色状态（0正常 1停用）',
`del_flag` int(0) NULL DEFAULT 0 COMMENT 'del_flag',
`create_by` bigint(0) NULL DEFAULT NULL,
`create_time` datetime(0) NULL DEFAULT NULL,
`update_by` bigint(0) NULL DEFAULT NULL,
`update_time` datetime(0) NULL DEFAULT NULL,
`remark` varchar(500) CHARACTER SET utf8mb4 COLLATE utf8mb4_0900_ai_ci NULL DEFAULT NULL COMMENT '备注',
PRIMARY KEY (`id`) USING BTREE
) ENGINE = InnoDB CHARACTER SET = utf8mb4 COLLATE = utf8mb4_0900_ai_ci COMMENT = '角色表' ROW_FORMAT = Dynamic;

-- ----------------------------
-- Records of sys_role
-- ----------------------------
INSERT INTO `sys_role` VALUES (111, '超级管理员', 'superadmin', '0', 0, NULL, NULL, NULL, NULL, NULL);
INSERT INTO `sys_role` VALUES (222, '普通管理员', 'admin', '0', 0, NULL, NULL, NULL, NULL, NULL);
INSERT INTO `sys_role` VALUES (333, '超级用户', 'superuser', '0', 0, NULL, NULL, NULL, NULL, NULL);
INSERT INTO `sys_role` VALUES (444, '普通用户', 'user', '0', 0, NULL, NULL, NULL, NULL, NULL);

-- ----------------------------
-- Table structure for sys_role_menu
-- ----------------------------
DROP TABLE IF EXISTS `sys_role_menu`;
CREATE TABLE `sys_role_menu`  (
`role_id` bigint(0) NOT NULL AUTO_INCREMENT COMMENT '角色ID',
`menu_id` bigint(0) NOT NULL DEFAULT 0 COMMENT '菜单id',
PRIMARY KEY (`role_id`, `menu_id`) USING BTREE
) ENGINE = InnoDB CHARACTER SET = utf8mb4 COLLATE = utf8mb4_0900_ai_ci ROW_FORMAT = Dynamic;

-- ----------------------------
-- Records of sys_role_menu
-- ----------------------------
INSERT INTO `sys_role_menu` VALUES (111, 1);
INSERT INTO `sys_role_menu` VALUES (111, 2);
INSERT INTO `sys_role_menu` VALUES (111, 3);
INSERT INTO `sys_role_menu` VALUES (111, 4);
INSERT INTO `sys_role_menu` VALUES (222, 2);
INSERT INTO `sys_role_menu` VALUES (222, 3);
INSERT INTO `sys_role_menu` VALUES (222, 4);
INSERT INTO `sys_role_menu` VALUES (333, 3);
INSERT INTO `sys_role_menu` VALUES (333, 4);
INSERT INTO `sys_role_menu` VALUES (444, 4);

-- ----------------------------
-- Table structure for sys_user
-- ----------------------------
DROP TABLE IF EXISTS `sys_user`;
CREATE TABLE `sys_user`  (
`id` bigint(0) NOT NULL AUTO_INCREMENT COMMENT '主键',
`user_name` varchar(64) CHARACTER SET utf8mb4 COLLATE utf8mb4_0900_ai_ci NOT NULL DEFAULT 'NULL' COMMENT '用户名',
`nick_name` varchar(64) CHARACTER SET utf8mb4 COLLATE utf8mb4_0900_ai_ci NOT NULL DEFAULT 'NULL' COMMENT '昵称',
`password` varchar(64) CHARACTER SET utf8mb4 COLLATE utf8mb4_0900_ai_ci NOT NULL DEFAULT 'NULL' COMMENT '密码',
`status` char(1) CHARACTER SET utf8mb4 COLLATE utf8mb4_0900_ai_ci NULL DEFAULT '0' COMMENT '账号状态（0正常 1停用）',
`email` varchar(64) CHARACTER SET utf8mb4 COLLATE utf8mb4_0900_ai_ci NULL DEFAULT NULL COMMENT '邮箱',
`phonenumber` varchar(32) CHARACTER SET utf8mb4 COLLATE utf8mb4_0900_ai_ci NULL DEFAULT NULL COMMENT '手机号',
`sex` char(1) CHARACTER SET utf8mb4 COLLATE utf8mb4_0900_ai_ci NULL DEFAULT NULL COMMENT '用户性别（0男，1女，2未知）',
`avatar` varchar(128) CHARACTER SET utf8mb4 COLLATE utf8mb4_0900_ai_ci NULL DEFAULT NULL COMMENT '头像',
`user_type` char(1) CHARACTER SET utf8mb4 COLLATE utf8mb4_0900_ai_ci NOT NULL DEFAULT '1' COMMENT '用户类型（0管理员，1普通用户）',
`create_by` bigint(0) NULL DEFAULT NULL COMMENT '创建人的用户id',
`create_time` datetime(0) NULL DEFAULT NULL COMMENT '创建时间',
`update_by` bigint(0) NULL DEFAULT NULL COMMENT '更新人',
`update_time` datetime(0) NULL DEFAULT NULL COMMENT '更新时间',
`del_flag` int(0) NULL DEFAULT 0 COMMENT '删除标志（0代表未删除，1代表已删除）',
PRIMARY KEY (`id`) USING BTREE
) ENGINE = InnoDB AUTO_INCREMENT = 1592775729817509890 CHARACTER SET = utf8mb4 COLLATE = utf8mb4_0900_ai_ci COMMENT = '用户表' ROW_FORMAT = Dynamic;

-- ----------------------------
-- Records of sys_user
-- ----------------------------
INSERT INTO `sys_user` VALUES (1, '张三', '部长', '$2a$10$n9v9eUeGixK4CQlcpKiPsecZbI5jcRYKS/wPVbQdoyDXFc.yzMaJa', '0', NULL, NULL, NULL, NULL, '1', NULL, '2022-07-19 00:43:18', NULL, '2022-07-19 00:43:18', 0);
INSERT INTO `sys_user` VALUES (2, '李四', '开发人员', '$2a$10$meX/8WIXoW2Hn4jmU4QSHOGKXBhIbpOs5Sr9qyKsUbRKvWOoch0OK', '0', NULL, NULL, NULL, NULL, '1', NULL, '2022-07-19 00:43:43', NULL, '2022-07-19 00:43:43', 0);
INSERT INTO `sys_user` VALUES (3, '王五', '其他员工', '$2a$10$CE7TB8MYF2f9obs5zgpPLO1FCDnxZHHxUtxVIT01L3YSEqlvAjRJC', '0', NULL, NULL, NULL, NULL, '1', NULL, '2022-07-19 00:44:03', NULL, '2022-07-19 00:44:03', 0);
INSERT INTO `sys_user` VALUES (1592775729817509890, '罗翔', '普通用户', '$2a$10$LGmqg8v3fjAPkOmvOhR.HOUMaOCc9ecVOsx.ANRWNdnUxDsgfJsRW', '0', NULL, NULL, NULL, NULL, '1', NULL, '2022-11-16 07:05:01', NULL, '2022-11-16 07:05:01', 0);

-- ----------------------------
-- Table structure for sys_user_role
-- ----------------------------
DROP TABLE IF EXISTS `sys_user_role`;
CREATE TABLE `sys_user_role`  (
`user_id` bigint(0) NOT NULL AUTO_INCREMENT COMMENT '用户id',
`role_id` bigint(0) NOT NULL DEFAULT 0 COMMENT '角色id',
PRIMARY KEY (`user_id`, `role_id`) USING BTREE
) ENGINE = InnoDB AUTO_INCREMENT = 1592775729817509890 CHARACTER SET = utf8mb4 COLLATE = utf8mb4_0900_ai_ci ROW_FORMAT = Dynamic;

-- ----------------------------
-- Records of sys_user_role
-- ----------------------------
INSERT INTO `sys_user_role` VALUES (1, 111);
INSERT INTO `sys_user_role` VALUES (2, 222);
INSERT INTO `sys_user_role` VALUES (3, 333);
INSERT INTO `sys_user_role` VALUES (1592775729817509890, 444);

SET FOREIGN_KEY_CHECKS = 1;
